{"schemaVersion":"1.0","appDefinitionTemplate":{"id":"/providers/Microsoft.PowerApps/apps/","type":"Microsoft.PowerApps/apps","tags":{"primaryDeviceWidth":"1366","primaryDeviceHeight":"768","supportsPortrait":"true","supportsLandscape":"true","primaryFormFactor":"Tablet","showStatusBar":"false","publisherVersion":"3.25052.13","minimumRequiredApiVersion":"2.2.0","hasComponent":"false","hasUnlockedComponent":"false","isUnifiedRootApp":"false","sienaVersion":"20250529T141059Z-3.25052.13.0"},"properties":{"appVersion":"2025-05-29T14:10:59Z","lifeCycleId":"Published","createdByClientVersion":{"major":3,"minor":25052,"build":13,"revision":0,"majorRevision":0,"minorRevision":0},"minClientVersion":{"major":3,"minor":25052,"build":13,"revision":0,"majorRevision":0,"minorRevision":0},"backgroundColor":"rgba(255, 255, 255, 1)","backgroundImageUri":"/10261498528437002515/Nb01ac252-c9e0-471e-9e25-7af3904edc79-logoSmallFile","displayName":"年次休暇管理 (学生用)","description":"","commitMessage":"","appUris":{"documentUri":{"value":"/10261498528437002515/N033b2a4a-2519-4f0b-874d-87b3d146abec-document.msapp"},"imageUris":[],"additionalUris":[{"isSolutionAware":false,"value":"/10261498528437002515/N624a2e53-6a71-4c96-99d6-e7213c0f2a47-identity.json"}]},"createdTime":"0001-01-01T00:00:00Z","lastModifiedTime":"0001-01-01T00:00:00Z","sharedGroupsCount":0,"sharedUsersCount":0,"connectionReferences":{"422b41bd-0f55-46dd-b7f6-ae25dd677127":{"id":"e845304a-1408-4367-91e1-41bf614307f6","displayName":"SharePoint","iconUri":"https://conn-afd-prod-endpoint-bmc9bqahasf3grgk.b01.azurefd.net/releases/v1.0.1746/1.0.1746.4174/sharepointonline/icon.png","dataSources":["年次休暇残数管理1","年次休暇申請1"],"dependencies":[],"dependents":[],"parameterHints":{},"parameterHintsV2":{},"isOnPremiseConnection":false,"bypassConsent":false,"dataSets":{"https://ndajp.sharepoint.com/sites/practice":{"dataSources":{"年次休暇残数管理1":{"tableName":"5ea6249f-cb0e-4b87-8e4f-701db10a4029"},"年次休暇申請1":{"tableName":"4acb8d25-b167-47f1-92a0-c58f0385cc63"}}}},"apiTier":"Standard","isCustomApiConnection":false,"actions":["providers/PowerPlatform.Governance/Operations/Read","providers/PowerPlatform.Governance/Operations/Write"]},"136fae35-9bf5-4556-98df-dd4f86848353":{"id":"04357fcc-76f2-4f6d-8589-2d1b0e2595b3","displayName":"Office 365 ユーザー","iconUri":"https://conn-afd-prod-endpoint-bmc9bqahasf3grgk.b01.azurefd.net/v1.0.1751/1.0.1751.4213/office365users/icon.png","dataSources":["Office365ユーザー"],"dependencies":[],"dependents":[],"parameterHints":{},"parameterHintsV2":{},"isOnPremiseConnection":false,"bypassConsent":false,"dataSets":{},"apiTier":"Standard","isCustomApiConnection":false,"actions":["UserProfile_V2"]}},"databaseReferences":{},"almMode":"Environment","performanceOptimizationEnabled":true,"canConsumeAppPass":true,"enableModernRuntimeMode":false,"executionRestrictions":{"isTeamsOnly":false,"dataLossPreventionEvaluationResult":{"status":"Compliant","lastEvaluationDate":"2025-05-11T05:49:24.1614971Z","violations":[],"violationsByPolicy":[],"violationErrorMessage":"このアプリでは、次のコネクタが使用されます: shared_sharepointonline, shared_office365users。"}}},"isAppComponentLibrary":false,"appType":"ClassicCanvasApp","appComponents":[]}}