{"schemaVersion":"1.0","appDefinitionTemplate":{"id":"/providers/Microsoft.PowerApps/apps/","type":"Microsoft.PowerApps/apps","tags":{"primaryDeviceWidth":"640","primaryDeviceHeight":"1136","supportsPortrait":"true","supportsLandscape":"true","primaryFormFactor":"Phone","showStatusBar":"false","publisherVersion":"3.25052.13","minimumRequiredApiVersion":"2.2.0","hasComponent":"false","hasUnlockedComponent":"false","isUnifiedRootApp":"false","sienaVersion":"20250529T135731Z-3.25052.13.0"},"properties":{"appVersion":"2025-05-29T13:57:31Z","lifeCycleId":"Published","createdByClientVersion":{"major":3,"minor":25052,"build":13,"revision":0,"majorRevision":0,"minorRevision":0},"minClientVersion":{"major":3,"minor":25052,"build":13,"revision":0,"majorRevision":0,"minorRevision":0},"backgroundColor":"rgba(255, 255, 255, 1)","backgroundImageUri":"/10092491603402957294/N60d80e8f-2e2c-4152-9869-8958f9b1f130-logoSmallFile","displayName":"年次休暇申請 (学生用)","description":"日付、時刻をカレンダー、ドロップダウンで入力できるようにした。取消をEditModeでするようにした。","commitMessage":"","appUris":{"documentUri":{"value":"/10092491603402957294/N8d5d6f8a-f842-4409-8e23-67f91e3dc5d0-document.msapp"},"imageUris":[],"additionalUris":[{"isSolutionAware":false,"value":"/10092491603402957294/Nbadf68dc-3d2c-4846-826a-35237d553d68-identity.json"}]},"createdTime":"0001-01-01T00:00:00Z","lastModifiedTime":"0001-01-01T00:00:00Z","sharedGroupsCount":0,"sharedUsersCount":0,"connectionReferences":{"59963b11-a3c7-47fd-a4f7-3e59e872c584":{"id":"e845304a-1408-4367-91e1-41bf614307f6","displayName":"SharePoint","iconUri":"https://conn-afd-prod-endpoint-bmc9bqahasf3grgk.b01.azurefd.net/releases/v1.0.1746/1.0.1746.4174/sharepointonline/icon.png","dataSources":["年次休暇申請1","年次休暇残数管理1"],"dependencies":[],"dependents":[],"parameterHints":{},"parameterHintsV2":{},"isOnPremiseConnection":false,"bypassConsent":false,"dataSets":{"https://ndajp.sharepoint.com/sites/practice":{"dataSources":{"年次休暇申請1":{"tableName":"4acb8d25-b167-47f1-92a0-c58f0385cc63"},"年次休暇残数管理1":{"tableName":"5ea6249f-cb0e-4b87-8e4f-701db10a4029"}}}},"apiTier":"Standard","isCustomApiConnection":false,"actions":["providers/PowerPlatform.Governance/Operations/Read","providers/PowerPlatform.Governance/Operations/Write","providers/PowerPlatform.Governance/Operations/Delete"]}},"databaseReferences":{},"almMode":"Environment","performanceOptimizationEnabled":true,"canConsumeAppPass":true,"enableModernRuntimeMode":false,"executionRestrictions":{"isTeamsOnly":false,"dataLossPreventionEvaluationResult":{"status":"Compliant","lastEvaluationDate":"2025-05-06T05:50:17.6303649Z","violations":[],"violationsByPolicy":[],"violationErrorMessage":"このアプリでは、次のコネクタが使用されます: shared_sharepointonline。"}}},"isAppComponentLibrary":false,"appType":"ClassicCanvasApp","appComponents":[]}}