{"schemaVersion":"1.0","appDefinitionTemplate":{"id":"/providers/Microsoft.PowerApps/apps/","type":"Microsoft.PowerApps/apps","tags":{"primaryDeviceWidth":"640","primaryDeviceHeight":"1136","supportsPortrait":"true","supportsLandscape":"true","primaryFormFactor":"Phone","showStatusBar":"false","publisherVersion":"3.25052.13","minimumRequiredApiVersion":"2.2.0","hasComponent":"false","hasUnlockedComponent":"false","isUnifiedRootApp":"false","sienaVersion":"20250529T142022Z-3.25052.13.0"},"properties":{"appVersion":"2025-05-29T14:20:22Z","lifeCycleId":"Published","createdByClientVersion":{"major":3,"minor":25052,"build":13,"revision":0,"majorRevision":0,"minorRevision":0},"minClientVersion":{"major":3,"minor":25052,"build":13,"revision":0,"majorRevision":0,"minorRevision":0},"backgroundColor":"rgba(255, 255, 255, 1)","backgroundImageUri":"/14748599565356889397/N51bf3b5b-6136-496e-b9e7-4b8b829424a1-logoSmallFile","displayName":"年次休暇初期登録 (学生用)","description":"","commitMessage":"","appUris":{"documentUri":{"value":"/14748599565356889397/Ndb71220a-3b97-46b8-8943-ad58ac77c371-document.msapp"},"imageUris":[],"additionalUris":[{"isSolutionAware":false,"value":"/14748599565356889397/N52dc3b9e-f406-408a-8b46-9687c107192f-identity.json"}]},"createdTime":"0001-01-01T00:00:00Z","lastModifiedTime":"0001-01-01T00:00:00Z","sharedGroupsCount":0,"sharedUsersCount":0,"connectionReferences":{"c9e5df24-fa95-48e9-b346-f81349177912":{"id":"e845304a-1408-4367-91e1-41bf614307f6","displayName":"SharePoint","iconUri":"https://conn-afd-prod-endpoint-bmc9bqahasf3grgk.b01.azurefd.net/releases/v1.0.1746/1.0.1746.4174/sharepointonline/icon.png","dataSources":["年次休暇残数管理1"],"dependencies":[],"dependents":[],"parameterHints":{},"parameterHintsV2":{},"isOnPremiseConnection":false,"bypassConsent":false,"dataSets":{"https://ndajp.sharepoint.com/sites/practice":{"dataSources":{"年次休暇残数管理1":{"tableName":"5ea6249f-cb0e-4b87-8e4f-701db10a4029"}}}},"apiTier":"Standard","isCustomApiConnection":false,"actions":["providers/PowerPlatform.Governance/Operations/Read","providers/PowerPlatform.Governance/Operations/Write"]}},"databaseReferences":{},"almMode":"Environment","performanceOptimizationEnabled":true,"canConsumeAppPass":true,"enableModernRuntimeMode":false,"executionRestrictions":{"isTeamsOnly":false,"dataLossPreventionEvaluationResult":{"status":"Compliant","lastEvaluationDate":"2025-05-11T09:46:25.8803451Z","violations":[],"violationsByPolicy":[],"violationErrorMessage":"このアプリでは、次のコネクタが使用されます: shared_sharepointonline。"}}},"isAppComponentLibrary":false,"appType":"ClassicCanvasApp","appComponents":[]}}